Auto, Rad & Boot,"Car, bike & boat"
Autos,Cars
Alfa Romeo,Alfa Romeo
145,145
147,147
156,156
159,159
4C,4C
8C,8C
Alfa 146,Alfa 146
Alfa 155,Alfa 155
Alfa 164,Alfa 164
Alfa 166,Alfa 166
Alfa 33,Alfa 33
Alfa 75,Alfa 75
Alfa 90,Alfa 90
Alfasud,Alfasud
Alfetta,Alfetta
Brera,Brera
Corsswagon,Crosswagon
Giulia,Giulia
Giulietta,Giulietta
GT,GT
GTV,GTV
Junior,Junior
MiTo,MiTo
Spider,Spider
Sprint,sprint
Stelvio,Stelvio
Weitere Alfa Romeo,More Alfa Romeo
Audi,Audi
80,80
90,90
100,100
200,200
A1,A1
A2,A2
A3,A3
A4,A4
A5,A5
A6,A6
A7,A7
A8,A8
A4 Allroad,A4 Allroad
A6 Allroad,A6 Allroad
Cabriolet,convertible
Coupe,coupe
e-tron,e-tron
Q1,Q1
Q2,Q2
Q3,Q3
Q4,Q4
Q5,Q5
Q7,Q7
Q8,Q8
quattro,quattro
R8,R8
RS2,RS2
RS3,RS3
RS4,RS4
RS5,RS5
RS6,RS6
RS7,RS7
RSQ3,RSQ3
RSQ8,RSQ8
S1,S1
S2,S2
S3,S3
S4,S4
S5,S5
S6,S6
S7,S7
S8,S8
SQ2,SQ2
SQ5,SQ5
SQ7,SQ7
SQ8,SQ8
TT,TT
V8,V8
Weitere Audi,More Audi
BMW,BMW
1er,1er
2er,2-seater
3er,3-seater
4er,4-seater
5er,5-series
6er,6-pack
7er,7 Series
i3,i3
i4,i4
i8,i8
iX,iX
iX3,iX3
M Reihe,M series
X Reihe,X row
Z Reihe,Z series
2002,2002
840,840
850,850
Weitere BMW,More BMW
Chevrolet,Chevrolet
2500,2500
Alero,Alero
Astro,Astro
Avalanche,Avalanche
Aveo,Aveo
Beretta,Beretta
Blazer,blazer
C1500,C1500
Camaro,Camaro
Caprice,Caprice
Captiva,Captiva
Cavalier,Cavalier
Chevelle,Chevelle
Chevy Van,Chevy Van
Citation,Citation
Colorado,Colorado
Corsica,Corsica
Cruze,Cruze
El Camino,El Camino
Epica,Epica
Evanda,Evanda
Express,Express
G,G
HHR,HHR
Impala,impala
K1500,K1500
K30,K30
Kalos,Kalos
Lacetti,Lacetti
Lumina,Lumina
Malibu,Malibu
Matiz,Matiz
Niva,Niva
Nubira,Nubira
Orlando,Orlando
Rezzo,Rezzo
S-10,S-10
Silverado,Silverado
Spark,Spark
SSR,SSR
Suburban,Suburban
Tahoe,Tahoe
Trailblazer,Trailblazer
Trans Sport,Trans Sport
Traverse,traverse
Trax,Trax
Venture,Venture
Volt,volt
Weitere Chevrolet,More Chevrolet
Chrysler,Chrysler
200,200
300c,300c
300 M,300 m
Aspen,Aspen
Crossfire,Crossfire
Daytona,Daytona
ES,IT
Grand,Grand
GS,GS
GTS,GTS
Imperial,Imperial
Le Baron,The Baron
Neon,Neon
New Yorker,New Yorkers
Pacifica,Pacifica
PT Cruiser,PT Cruiser
Saratoga,Saratoga
Sebring,Sebring
Stratus,stratus
Valiant,Valiant
Viper,viper
Vision,vision
Voyager,Voyager
Weitere Chrysler,More Chrysler
Citroen,Citroën
Berlingo,Berlingo
2 CV,2 CV
AX,AX
BX,BX
C-Crosser,C-Crosser
C-Elysee,C-Elysee
C-Zero,C-Zero
C3 Aircross,C3 Aircross
C3 Picasso,C3 Picasso
C4 Aircross,C4 Aircross
C4 Cactus,C4 Cactus
C4 Picasso,C4 Picasso
C4 SpaceTourer,C4 SpaceTourer
C5 Aircross,C5 Aircross
C5 X,C5 X
C1,C1
C2,C2
C3,C3
C4,C4
C5,C5
C6,C6
C8,C8
CX,CX
DS,DS
DS3,DS3
DS4,DS4
DS4 Crossback,DS4 Crossback
DS5,DS5
E-MEHARI,E-MEHARI
Evasion,Evasion
Grand C4 Picasso / SpaceTourer,Grand C4 Picasso / SpaceTourer
GSA,GSA
Jumper,jumper
Jumpy,Jumpy
Nemo,Nemo
SAXO,SAXO
SM,SM
SpaceTourer,SpaceTourer
Visa,Visa
Xantia,Xantia
XM,XM
Xsara,Xsara
Xsara Picasso,Xsara Picasso
ZX,ZX
Weitere Citroen,More Citroen
Dacia,Dacia
Dokker,Docker
Duster,Grim
Jogger,jogger
Lodgy,Lodgy
Logan,Logan
Logan Pick-Up,Logan Pickup
Pick Up,Pick up
Sandero,Sandero
Spring,Spring
Weitere Dacia,More Dacia
Daewoo,Daewoo
Espero,Expectation
Evanda,Evanda
Kalos,Kalos
Korando,Korando
Lanos,Lanos
Lacetti,Lacetti
Leganza,Leganza
Matiz,Matiz
Musso,Musso
Nexia,Nexia
Nubira,Nubira
Rezzo,Rezzo
Tacuma,Tacuma
Weitere Daewoo,More Daewoo
Daihatsu,Daihatsu
Applause,Applause
Charade,Charade
Charmant,Charming
Copen,Copen
Cuore,Heart
Feroza/Sportrak,Feroza/Sportrak
Freeclimber,Free climber
Gran Move,Gran Move
Hijet,Hijet
Materia,Materials
Move,Move
Rocky/Fourtrak,Rocky/Fourtrak
Sirion,Sirion
Terios,Terios
TREVIS,TREVIS
YRV,YRV
Weitere Daihatsu,More Daihatsu
Fiat,Fiat
124,124
124 Spider,124 Spider
126,126
127,127
130,130
131,131
500,500
500C,500C
500L,500L
500L Cross,500L Cross
500L Living,500L Living
500L Trekking,500L Trekking
500L Urban,500L Urban
500L Wagon,500L Wagon
500S,500S
500X,500X
Albea,Albea
Barchetta,Barchetta
Brava,Brava
Bravo,Bravo
Cinquecento,Cinquecento
Coupe,coupe
Croma,Croma
Dino,Dinosaur
Doblo,Doblo
Ducato,Ducato
Fiorino,Fiorino
Freemont,Freemont
Fullback,Fullback
Grande Punto,Grande Punto
Idea,Idea
Linea,Linea
Marea,Marea
Marengo,Marengo
Multipla,Multipla
New Panda,New Panda
Palio,Palio
Panda,panda
Punto Evo,Punto Evo
Punto,Punto
Qubo,Qubo
Regata,Regata
Scudo,Scudo
Sedici,Sedici
Seicento,Century
Siena,Siena
Spider Europa,Spider Europe
Strada,Street
Stilo,Stilo
Talento,Talento
Tempra,Tempra
Tipo,Type
Ulysse,Ulysses
Uno,U.N
X 1/9,X1/9
Weitere Fiat,More Fiat
Ford,ford
Aerostar,Aerostar
Bronco,Bronco
B-Max,B-Max
C-Max,C-Max
Capri,capri
Courier,Courier
Crown,Crown
Cougar,Cougar
EcoSport,EcoSport
Econoline,Econoline
Econovan,Econovan
Escape,Escape
Escort,Escort
Explorer,Explorer
Edge,Edge
Excursion,Excursion
Expedition,expedition
Express,Express
F 100,F100
F 150,F150
F 250,F250
F 350,F 350
Fairlane,Fairlane
Falcon,Falcon
Fiesta,Fiesta
Flex,Flex
Focus,Focus
Fusion,fusion
Galaxy,Galaxy
Granada,Granada
Grand C-Max,Grand C-Max
Grand Tourneo,Grand Tourneo
GT,GT
Ka,Ka
Kuga,Kuga
Maverick,Maverick
Mercury,Mercury
Mondeo,Mondeo
Mustang,mustang
Mustang Mach-E,Mustang Mach-E
Orion,Orion
Probe,sample
Puma,puma
Ranger,ranger
Raptor,Raptor
S-Max,S-Max
Scorpio,Scorpio
Sierra,Sierra
Sportka,Sportka
Streetka,Streetka
Taunus,Taunus
Taurus,Taurus
Thunderbird,Thunderbird
Tourneo,Tourneo
Transit,transit
Windstar,Windstar
Weitere Ford,More Ford
Honda,Honda
Accord,Accord
Aerodeck,Aerodeck
City,City
Civic,Civic
Clarity,Clarity
Concerto,Concerto
CR Reihe,CR series
e,e
Element,element
FR-V,FR-V
HR-V,HR-V
Insight,Insight
Integra,Integra
Jazz,jazz
Legend,Legend
Logo,logo
NSX,NSX
Odyssey,Odyssey
Pilot,pilot
Prelude,Prelude
Ridgeline,Ridgeline
S2000,S2000
Shuttle,Shuttle
Stream,Stream
Weitere Honda,More Honda
Hyundai,Hyundai
Accent,Accent
Atos,Atos
Azera,Azera
Bayon,Bayon
Coupe,coupe
Elantra,Elantra
Excel,Excel
Galloper,Galloper
Genesis,genesis
Getz,Getz
Grandeur,Grandeur
Grand Santa Fe,Grand Santa Fe
H 100,H100
H 200,H200
H-1,H-1
H-1 Starex,H-1 Starex
H350,H350
IONIQ,IONIQ
IONIQ 5,IONIQ 5
I Reihe,I series
IX-Reihe,IX series
Kona,Kona
Lantra,Lantra
Matrix,matrix
Nexo,Nexo
Pony,pony
S-Coupe,S-Coupe
Santa,Santa
Santamo,Santamo
Sonata,Sonata
Staria,Staria
Terracan,Terracan
Trajet,Trajet
Tucson,Tucson
Veloster,Veloster
Veracruz,Veracruz
XG-Reihe,XG series
Weitere Hyundai,More Hyundai
Jaguar,jaguar
Daimler,Daimler
E Type,E-Type
F Type,F-Type
S Type,S Type
X Type,X-Type
E-Pace,E-Pace
F-Pace,F-Pace
I-Pace,I-Pace
MK II,MK II
XE,XE
XF,XF
XJ,XJ
XJ12,XJ12
XJ40,XJ40
XJ6,XJ6
XJ8,XJ8
XJR,XJR
XJS,XJS
XJSC,XJSC
XK,XK
XK8,XK8
XKR,XKR
Weitere Jaguar,More Jaguar
Jeep,jeep
Cherokee,Cherokee
CJ,CJ
Comanche,Comanche
Commander,Commander
Compass,Compass
Gladiator,gladiator
Grand,Grand
Patriot,patriot
Renegade,Renegade
Wagoneer,Wagoneer
Willys,Willy's
Wrangler,Wrangler
Weitere Jeep,More Jeep
Kia,Kia
Besta,Besta
Borrego,Borrego
Carens,Carens
Carnival,Carnival
Ceed,Ceed
cee'd Sportswagon,cee'd Sportswagon
Cerato,Cerato
Clarus,Clarus
Elan,Elan
EV6,EV6
Joice,Joy
K2500,K2500
K2700,K2700
Leo,Leo
Magentis,Magentis
Mentor,mentor
Mini,Mini
Niro Hybrid,Niro Hybrid
Opirus,Opirus
Optima,Optima
Picanto,Picanto
Pregio,Pregio
Pride,Pride
ProCeed,ProCeed
Retona,Retona
Rio,Rio
Roadster,Roadster
Rocsta,Rocsta
Sephia,Sephia
Shuma,Shuma
Sorento,Sorento
Soul,soul
Sportage,Sportage
Stinger,Stinger
Stonic,Stonic
Venga,Venga
XCeed,XCeed
Weitere Kia,More Kia
Lada,Lada
110,110
111,111
112,112
1200,1200
2107,2107
2110,2110
2111,2111
2112,2112
Aleko,Aleko
Forma,Forma
Granta,Granta
Kalina,Kalina
Niva,Niva
Nova,nova
Priora,Priora
Samara,Samara
Taiga,taiga
Urban,Urban
Vesta,Vesta
X-Ray,X-ray
Weitere Lada,More Lada
Lancia,Lancia
Beta,beta
Dedra,Dedra
Delta,delta
Elefantino,Elefantino
Flaminia,Flaminia
Flavia,Flavia
Fulvia,Fulvia
Gamma,gamma
Kappa,Kappa
Lybra,Lybra
Musa,Musa
Phedra,Phedra
Prisma,prism
Stratos,Stratos
Thema,Theme
Thesis,Thesis
Voyager,Voyager
Ypsilon,Ypsilon
Zeta,Zeta
Weitere Lancia,More Lancia
Land Rover,Land Rover
Defender,Defender
Discovery,Discovery
Discovery Sport,Discovery Sport
Freelander,Freelander
Range Rover,Range Rover
Range Rover Evoque,Range Rover Evoque
Range Rover Sport,Range Rover Sport
Range Rover Velar,Range Rover Velar
Serie 1,Series 1
Serie 2,Series 2
Serie 3,Series 3
Weitere Land Rover,Other Land Rovers
Lexus,Lexus
CT 200h,CT 200h
ES-Serie,ES series
GS-Serie,GS series
GX 460,GX 460
GX 470,GX 470
IS 200,IS 200
IS 220,IS 220
IS 250,IS 250
IS 300,IS 300
IS 350,IS 350
IS-F,IS-F
LC-Serie,LC series
LFA,LFA
LX-Serie,LX series
LS,LS
NX,NX
RC F,RC F
RC 200,RC 200
RC 300,RC 300
RC 350,RC 350
RX-Serie,RX series
SC-Serie,SC series
UX,UX
Weitere Lexus,More Lexus
Mazda,Mazda
1er Reihe,1st row
2er Reihe,2nd row
3er Reihe,3-row
5er Reihe,5-row
6er Reihe,6-row
929,929
CX Reihe,CX series
B series,B series
Bongo,Bongo
BT-50,BT-50
Demio,Demio
E series,E series
Millenia,Millennia
MPV,MPV
MX Reihe,MX series
Premacy,Premacy
Protege,protege
RX Reihe,RX series
Tribute,Tribute
Xedos,Xedos
Weitere Mazda,More Mazda
Mercedes Benz,Mercedes Benz
190,190
200,200
220,220
230,230
240,240
250,250
260,260
270,270
280,280
290,290
300,300
320,320
350,350
380,380
400,400
416,416
420,420
450,450
500,500
560,560
600,600
A-Klasse,A-Class
B-Klasse,B-Class
C-Klasse,C-Class
CE-Klasse,CE class
E-Klasse,E-Class
G-Klasse,G-Class
GLA-Klasse,GLA-Class
GLB-Klasse,GLB-Class
GLC-Klasse,GLC-Class
GLE-Klasse,GLE-Class
GLS-Klasse,GLS-Class
GT-Klasse,GT class
M-Klasse,M-Class
R-Klasse,R-Class
S-Klasse,S-Class
SLC-Klasse,SLC-Class
V-Klasse,V-Class
X-Klasse,X-Class
Citan,Citan
CL,CL
CLA,CLA
CLC,CLC
CLK,CLK
CLS,CLS
EQA,EQA
EQB,EQB
EQC,EQC
EQE,EQE
EQS,EQS
EQV,EQV
GLK,GLK
GL,GL
MB 100,MB100
SL,SL
SLK,SLK
SLR,SLR
SLS AMG,SLS AMG
Sprinter,sprinter
Vaneo,Vaneo
Vario,Vario
Viano,Viano
Vito,Vito
Weitere Mercedes Benz,More Mercedes Benz
Mini,Mini
Clubman,Clubman
Clubvan,Clubvan
Cooper,cooper
Countryman,Countryman
One,One
Weitere Mini,More Mini
Mitsubishi,Mitsubishi
300 GT,300 GT
ASX,ASX
Canter,Canter
Carisma,Charisma
Colt,Colt
Cordia,Cordia
Cosmos,Cosmos
Diamante,Diamonds
Eclipse,Eclipse
Eclipse Cross,Eclipse Cross
Electric Vehicle,Electric Vehicle
Galant,Gallant
Galloper,Galloper
Grandis,Grandis
i-MiEV,i-MiEV
L-Reihe,L-series
Lancer,Lancer
Mirage,Mirage
Montero,Montero
Outlander,Outlander
Pajero,Pajero
Pajero Pinin,Pajero Pinin
Pick-up,Pick up
Plug-in Hybrid Outlander,Plug-in Hybrid Outlander
Santamo,Santamo
Sapporo,Sapporo
Sigma,Sigma
Space-Reihe,Space series
Starion,Starion
Tredia,Tredia
Weitere Mitsubishi,More Mitsubishi
Nissan,Nissan
100 NX,100 NX
200 SX,200 SX
240 SX,240 SX
280 ZX,280 ZX
300 ZX,300 ZX
350Z,350Z
370Z,370Z
Almera,Almera
Almera Tino,Almera Tino
Altima,Altima
Ariya,Ariya
Armada,armada
Bluebird,Bluebird
Cabstar,Cabstar
Cargo,Cargo
Cherry,Cherry
Cube,Cube
e-NV200,e-NV200
Evalia,Evalia
Frontier,Frontier
GT-R,GT-R
Interstar,Interstar
Juke,Juke
King Cab,King Cab
Kubistar,Kubistar
Laurel,Laurel
Leaf,Leaf
Maxima,Maxima
Micra,Micra
Murano,Murano
Navara,Navara
Note,note
NP 300,NP300
NV-Reihe,NV series
Pathfinder,Pathfinder
Patrol,Patrol
PickUp,Pick up
Pixo,Pixo
Prairie,Prairie
Primera,First
Pulsar,pulsar
Qashqai,Qashqai
Qashqai+2,Qashqai+2
Quest,Quest
Sentra,Sentra
Serena,Serena
Silvia,Silvia
Skyline,Skyline
Sunny,Sunny
Terrano,Terrano
Tilda,Tilda
Titan,titanium
Townstar,Townstar
Trade,Trade
Urvan,Urvan
Vanette,Vanette
X-Trail,X-Trail
Weitere Nissan,More Nissan
Opel,Opel
Adam,Adam
Agila,Agile
Ampera,Ampera
Ampera-e,Ampera-e
Antara,Antara
Arena,arena
Ascona,Ascona
Astra,Astra
Calibra,Calibra
Campo,Camp
Cascada,Cascada
Cavalier,Cavalier
Combo,combo
Combo Life,Combo Life
Commodore,Commodore
Corsa,Corsa
Crossland (X),Crossland (X)
Diplomat,diplomat
Frontera,Frontera
Grandland (X),Grandland (X)
GT,GT
Insignia,Insignia
Insignia CT,Insignia CT
Kadett,Cadet
Karl,Karl
Manta,manta
Meriva,Meriva
Mokka,mocha
Mokka X,Mocha X
Monterey,Monterey
Monza,Monza
Movano,Movano
Nova,nova
Omega,omega
Pick Up Sportscap,Pick Up Sports Cap
Rekord,record
Rocks-e,Rocks-e
Senator,senator
Sintra,Sintra
Signum,Signum
Speedster,Speedster
Tigra,Tigra
Vectra,Vectra
Vivaro,Vivaro
Zafira,Zafira
Zafira Life,Zafira Life
Zafira Tourer,Zafira Tourer
Weitere Opel,More Opel
Peugeot,Peugeot
1er Reihe,1st row
2er Reihe,2nd row
3er Reihe,3-row
4er Reihe,4-row
5er Reihe,5-row
6er Reihe,6-row
8er Reihe,8-row
1007,1007
2008,2008
3008,3008
4007,4007
4008,4008
5008,5008
Bipper,Bipper
Bipper Tepee,Bipper Tepee
Boxer,boxer
Expert,Expert
Expert Tepee,Expert Tepee
iOn,ion
J5,J5
Partner,partner
Partner Tepee,Partner Tepee
RCZ,RCZ
Rifter,Rifter
TePee,TePee
Traveller,Traveler
Weitere Peugeot,More Peugeot
Porsche,Porsche
356,356
911,911
912,912
914,914
918,918
924,924
928,928
944,944
959,959
962,962
968,968
Boxster,Boxster
Carrera GT,Carrera GT
Cayenne,Cayenne
Cayman,Cayman
Macan,Macan
Panamera,Panamera
Taycan,Taycan
Weitere Porsche,More Porsche
Renault,Renault
Alaskan,Alaskan
Alpine A110,Alpine A110
Alpine A310,Alpine A310
Alpine V6,Alpine V6
Arkana,Arcana
Avantime,Avantime
Captur,Captur
Clio,Clio
Coupe,coupe
Espace,Space
Express,Express
Fluence,Fluence
Fuego,Fire
Grand Espace,Grand Espace
Grand Modus,Grand Mode
Grand Scenic,Grand Scenic
Kadja,Kadja
Kangoo,Kangoo
Koleos,Koleos
Laguna,Laguna
Latitude,Latitude
Mascott,Mascott
Master,master
Megane,Megane
Modus,mode
P 1400,P1400
R-Reihe,R-series
Rapid,Rapid
Safrane,Saffron
Scenic,Scenic
Spider,Spider
Talisman,talisman
Trafic,Traffic
Twingo,Twingo
Twizy,Twizy
Vel Satis,Vel Satis
Wind,wind
ZOE,ZOE
Weitere Renault,More Renault
Rover,rover
Defender,Defender
Discovery,Discovery
Freelander,Freelander
Range Rover,Range Rover
Weitere Rover,Other Rovers
Saab,Saab
45725,09/03
9-4X,9-4X
45786,09/05
9-7X,9-7X
90,90
900,900
9000,9000
96,96
99,99
Weitere Saab,More Saab
Seat,Seat
Alhambra,Alhambra
Altea,Altea
Arona,Arona
Arosa,Arosa
Ateca,Ateca
Cordoba,Cordoba
Exeo,Exeo
Ibiza,Ibiza
Inca,Inca
Leon,Leon
Malaga,Malaga
Marbella,Marbella
Mii,Mii
Tarraco,Tarraco
Terra,Terra
Toledo,Toledo
Weitere Seat,More Seat
Skoda,Skoda
105,105
120,120
130,130
135,135
Citigo,Citigo
Enyaq,Enyaq
Fabia,Fabia
Favorit,favorite
Felicia,Felicia
Forman,Forman
Kamiq,Kamiq
Karoq,Karoq
Kodiaq,Kodiaq
Octavia,Octavia
Pick-up,Pick up
Praktik,practice
Rapid,Rapid
Roomster,Roomster
Scala,Scala
Superb,Superb
Yeti,yeti
Weitere Skoda,More Skoda
Smart,Smart
Crossblade,Crossblade
Forfour,Forfour
Fortwo,Fortwo
Roadster,Roadster
Weitere Smart,More Smart
Subaru,Subaru
B9 Tribeca,B9 Tribeca
Baja,Baja
BRZ,BRZ
Forester,Forester
Impreza,Impreza
Justy,Justy
Legacy,Legacy
Levorg,Levorg
Libero,Sweeper
Outback,Outback
SVX,SVX
Trezia,Trezia
Tribeca,Tribeca
Vivio,Vivio
WRX STI,WRX STI
XT,XT
XV,XV
Weitere Subaru,More Subaru
Suzuki,Suzuki
Across,Across
Alto,Alto
Baleno,Baleno
Cappucino,Cappuccino
Carry,Carry
Celerio,Celerio
Grand,Grand
Ignis,Ignis
iK-2,iK-2
Jimny,Jimny
Kizashi,Kizashi
Liana,Liana
Lj,Lj
SJ Samurai,SJ Samurai
Splash,Splash
Super-Carry,Super Carry
Swace,Swace
Swift,Swift
SX4,SX4
SX4 S-Cross,SX4 S-Cross
Vitara,Vitara
Wagon R+,Wagon R+
X-90,X-90
Weitere Suzuki,More Suzuki
Tesla,Tesla
Model S,Model S
Model 3,Model 3
Model X,Model X
Model Y,Model Y
Roadster,Roadster
Weitere Tesla,More Tesla
Toyota,Toyota
4-Runner,4-Runner
Alphard,Alphard
Auris,Auris
Auris Touring Sports,Auris Touring Sports
Avalon,Avalon
Avensis,Avensis
Avensis Verso,Avensis Verso
Aygo,Aygo
Camry,Camry
Carina,Carina
Celica,Celica
C-HR,C-HR
Corolla,Corolla
Corolla Verso,Corolla Verso
Cressida,Cressida
Crown,Crown
Dyna,Dyna
FCV,FCV
FJ,FJ
Fortuner,Fortuner
GT86,GT86
Hiace,Hiace
Highlander,Highlander
Hilux,Hilux
IQ,IQ
Land Cruiser,Land Cruiser
Lite-Ace,Lite-Ace
Matrix,matrix
Mirai,Mirai
MR 2,MR2
Paseo,Paseo
Picnic,Picnic
Previa,Previa
Prius,Prius
Prius+,Prius+
Proace(Verso),Proace (Verso)
PROACE CITY,PROACE CITY
RAV,RAV
Sequoia,Sequoia
Sienna,Sienna
Starlet,starlet
Supra,Supra
Tacoma,Tacoma
Tercel,Tercel
Tundra,Tundra
Urban Cruiser,Urban Cruiser
Verso S,Verso S
Verso,Verso
Yaris,Yaris
Weitere Toyota,More Toyota
Trabant,Trabant
601,601
Weitere Trabi,More Trabis
Volkswagen,Volkswagen
181,181
Amarok,Amarok
Arteon,Arteon
Beetle,Beetle
Bora,Bora
Caddy,Caddy
CC,CC
Corrado,Corrado
Crafter,Crafter
Eos,Eos
Fox,Fox
Golf,golf
ID.3,ID.3
ID.4,ID.4
ID.5,ID.5
ID.Buzz,ID.Buzz
Iltis,Polecat
Jetta,Jetta
Käfer,beetle
Karmann Ghia,Karmann Ghia
LT,LT
Lupo,Lupo
New Beetle,New Beetle
Passat,Passat
Phaeton,Phaeton
Polo,polo
Routan,Routan
Santana,Santana
Scirocco,Scirocco
Sharan,Sharan
T1,T1
T2,T2
T3,T3
T4,T4
T5,T5
T6,T6
T7 Multivan,T7 Multivan
Taigo,Taigo
Taro,taro
Tiguan,Tiguan
Tiguan Allspace,Tiguan Allspace
Touareg,Touareg
Touran,Touran
VW-Busse,VW buses
up!,up!
Vento,Vento
XL1,XL1
Weitere VW,More VW
Volvo,Volvo
240,240
244,244
245,245
262,262
264,264
340,340
360,360
440,440
460,460
480,480
740,740
744,744
745,745
760,760
780,780
850,850
855,855
940,940
944,944
945,945
960,960
965,965
S40,S40
S60,S60
S60 Cross Country,S60 Cross Country
S70,S70
S80,S80
S90,S90
V40,V40
V40 Cross Country,V40 Cross Country
V50,V50
V60,V60
V60 Cross Country,V60 Cross Country
V70,V70
V90,V90
V90 Cross Country,V90 Cross Country
Amazon,Amazon
C Reihe,C series
Polar,Polar
XC Reihe,XC series
Weitere Volvo,More Volvo
Weitere Automarken,Other car brands
Autoteile & Reifen,Car parts & tires
Auto Hifi & Navigation,Car HiFi & Navigation
Ersatz- & Reparaturteile,Spare & repair parts
Reifen & Felgen,Tires & Rims
Tuning & Styling,Tuning & Styling
Werkzeug,Tool
Weitere Autoteile,Other car parts
Boote & Bootszubehör,Boats & Boat Accessories
Motorboote,Motorboats
Segelboote,Sailboats
Kleinboote,Small boats
Schlauchboote,Inflatable boats
Jetski,Jet ski
Bootstrailer,boat trailer
Bootsliegeplätze,Boat moorings
Bootszubehör,Boat accessories
Weitere Boote,More boats
Fahrräder & Zubehör,Bicycles & Accessories
Damen,ladies
Herren,Men
Kinder,Children
Zubehör,Accesories
Weitere Fahrräder & Zubehör,More bicycles & accessories
Motorräder & Motorroller,Motorcycles & Scooters
Mofas & Mopeds,Mopeds & scooters
Aprilia,Aprilia
BMW,BMW
Buell,Buell
Ducati,Ducati
Harley,Harley
Honda,Honda
Husqvarna,Husqvarna
Kawasaki,Kawasaki
KTM,KTM
Kymco,Kymco
Moto Guzzi,Moto Guzzi
MZ,MZ
Peugeot,Peugeot
Piaggio,Piaggio
Simson,Samson
Suzuki,Suzuki
Triumph,triumph
Vespa,Vespa
Yamaha,Yamaha
Zündapp,Zündapp
Weitere Motorräder,Other motorcycles
Motorräder,Motorcycles
Aprilia,Aprilia
BMW,BMW
Buell,Buell
Ducati,Ducati
Harley,Harley
Honda,Honda
Husqvarna,Husqvarna
Kawasaki,Kawasaki
KTM,KTM
Kymco,Kymco
Moto Guzzi,Moto Guzzi
MZ,MZ
Peugeot,Peugeot
Piaggio,Piaggio
Simson,Samson
Suzuki,Suzuki
Triumph,triumph
Vespa,Vespa
Yamaha,Yamaha
Zündapp,Zündapp
Weitere Motorräder,Other motorcycles
Quads,Quads
Aprilia,Aprilia
BMW,BMW
Buell,Buell
Ducati,Ducati
Harley,Harley
Honda,Honda
Husqvarna,Husqvarna
Kawasaki,Kawasaki
KTM,KTM
Kymco,Kymco
Moto Guzzi,Moto Guzzi
MZ,MZ
Peugeot,Peugeot
Piaggio,Piaggio
Simson,Samson
Suzuki,Suzuki
Triumph,triumph
Vespa,Vespa
Yamaha,Yamaha
Zündapp,Zündapp
Weitere Motorräder,Other motorcycles
Motorroller & Scooter,Motor scooters
Aprilia,Aprilia
BMW,BMW
Buell,Buell
Ducati,Ducati
Harley,Harley
Honda,Honda
Husqvarna,Husqvarna
Kawasaki,Kawasaki
KTM,KTM
Kymco,Kymco
Moto Guzzi,Moto Guzzi
MZ,MZ
Peugeot,Peugeot
Piaggio,Piaggio
Simson,Samson
Suzuki,Suzuki
Triumph,triumph
Vespa,Vespa
Yamaha,Yamaha
Zündapp,Zündapp
Weitere Motorräder,Other motorcycles
Motorradteile & Zubehör,Motorcycle parts & accessories
Ersatz- & Reparaturteile,Spare & repair parts
Reifen & Felgen,Tires & Rims
Motorradbekleidung,Motorcycle clothing
Nutzfahrzeuge & Anhänger,Commercial vehicles & trailers
Agrarfahrzeuge,Agricultural vehicles
Anhänger,Trailer
Baumaschinen,Construction machinery
Busse,buses
LKW,TRUCK
Sattelzugmaschinen & Auflieger,Tractor units & trailers
Stapler,Forklift
Traktoren,tractors
Transporter,Transporter
Nutzfahrzeugteile & Zubehör,Commercial vehicle parts & accessories
Weitere Nutzfahrzeuge & Anhänger,Other commercial vehicles & trailers
Reparaturen & Dienstleistungen,Repairs & Services
Wohnwagen & -mobile,Caravans & mobile homes
Alkoven,alcove
Adria,Adriatic
Bürstner,Bürstner
Carado,Carado
Carthago,Carthage
Chausson,Chausson
Dethleffs,Dethleffs
Eura Mobil,Eura Mobil
Fendt,Fendt
Fiat,Fiat
Ford,ford
Globecar,Globecar
Hobby,hobby
Hymer-Eriba,Hymer-Eriba
Knaus,Knaus
LMC,LMC
McLouis,McLouis
Mercedes Benz,Mercedes Benz
Pössl,Pössl
Rapido,Rapido
Rimor,Rimor
Sunlight,Sunlight
Tabbert,Tabbert
TEC,TEC
Volkswagen,Volkswagen
Weinsberg,Weinsberg
Weitere Marken,Other brands
Integrierter,Integrated
Adria,Adriatic
Bürstner,Bürstner
Carado,Carado
Carthago,Carthage
Chausson,Chausson
Dethleffs,Dethleffs
Eura Mobil,Eura Mobil
Fendt,Fendt
Fiat,Fiat
Ford,ford
Globecar,Globecar
Hobby,hobby
Hymer-Eriba,Hymer-Eriba
Knaus,Knaus
LMC,LMC
McLouis,McLouis
Mercedes Benz,Mercedes Benz
Pössl,Pössl
Rapido,Rapido
Rimor,Rimor
Sunlight,Sunlight
Tabbert,Tabbert
TEC,TEC
Volkswagen,Volkswagen
Weinsberg,Weinsberg
Weitere Marken,Other brands
Kastenwagen,panel van
Adria,Adriatic
Bürstner,Bürstner
Carado,Carado
Carthago,Carthage
Chausson,Chausson
Dethleffs,Dethleffs
Eura Mobil,Eura Mobil
Fendt,Fendt
Fiat,Fiat
Ford,ford
Globecar,Globecar
Hobby,hobby
Hymer-Eriba,Hymer-Eriba
Knaus,Knaus
LMC,LMC
McLouis,McLouis
Mercedes Benz,Mercedes Benz
Pössl,Pössl
Rapido,Rapido
Rimor,Rimor
Sunlight,Sunlight
Tabbert,Tabbert
TEC,TEC
Volkswagen,Volkswagen
Weinsberg,Weinsberg
Weitere Marken,Other brands
Teilintegrierter,Semi-integrated
Adria,Adriatic
Bürstner,Bürstner
Carado,Carado
Carthago,Carthage
Chausson,Chausson
Dethleffs,Dethleffs
Eura Mobil,Eura Mobil
Fendt,Fendt
Fiat,Fiat
Ford,ford
Globecar,Globecar
Hobby,hobby
Hymer-Eriba,Hymer-Eriba
Knaus,Knaus
LMC,LMC
McLouis,McLouis
Mercedes Benz,Mercedes Benz
Pössl,Pössl
Rapido,Rapido
Rimor,Rimor
Sunlight,Sunlight
Tabbert,Tabbert
TEC,TEC
Volkswagen,Volkswagen
Weinsberg,Weinsberg
Weitere Marken,Other brands
Wohnwagen,Caravan
Adria,Adriatic
Bürstner,Bürstner
Carado,Carado
Carthago,Carthage
Chausson,Chausson
Dethleffs,Dethleffs
Eura Mobil,Eura Mobil
Fendt,Fendt
Fiat,Fiat
Ford,ford
Globecar,Globecar
Hobby,hobby
Hymer-Eriba,Hymer-Eriba
Knaus,Knaus
LMC,LMC
McLouis,McLouis
Mercedes Benz,Mercedes Benz
Pössl,Pössl
Rapido,Rapido
Rimor,Rimor
Sunlight,Sunlight
Tabbert,Tabbert
TEC,TEC
Volkswagen,Volkswagen
Weinsberg,Weinsberg
Weitere Marken,Other brands
Weitere Wohnwagen & -mobile,More caravans & mobile homes
Adria,Adriatic
Bürstner,Bürstner
Carado,Carado
Carthago,Carthage
Chausson,Chausson
Dethleffs,Dethleffs
Eura Mobil,Eura Mobil
Fendt,Fendt
Fiat,Fiat
Ford,ford
Globecar,Globecar
Hobby,hobby
Hymer-Eriba,Hymer-Eriba
Knaus,Knaus
LMC,LMC
McLouis,McLouis
Mercedes Benz,Mercedes Benz
Pössl,Pössl
Rapido,Rapido
Rimor,Rimor
Sunlight,Sunlight
Tabbert,Tabbert
TEC,TEC
Volkswagen,Volkswagen
Weinsberg,Weinsberg
Weitere Marken,Other brands
Weiteres Auto, Rad & Boot,"Additional car, bike & boat"
Dienstleistungen,Services
Altenpflege,Elderly care
Auto, Rad & Boot,"Car, bike & boat"
Babysitter/-in & Kinderbetreuung,Babysitter & Childcare
Elektronik,electronics
Haus & Garten,Home & Garden
Bau & Handwerk,Construction & Crafts
Garten- & Landschaftsbau,Gardening & Landscaping
Haushaltshilfe,Domestic help
Reinigungsservice,cleaning service
Reparaturen,Repairs
Wohnungsauflösungen,Apartment clearances
Weitere Dienstleistungen Haus & Garten,Other services Home & Garden
Künstler/-in & Musiker/-in,Artist & Musician
Reise & Event,Travel & Event
Tierbetreuung & Training,Animal care & training
Umzug & Transport,Moving & Transport
Weitere Dienstleistungen,Additional services
Eintrittskarten & Tickets,Admission tickets & tickets
Bahn & ÖPNV,Train & public transport
Comedy & Kabarett,Comedy & Cabaret
Gutscheine,Vouchers
Kinder,Children
Konzerte,Concerts
Sport,sport
Theater & Musical,Theatre & Musicals
Weitere Eintrittskarten & Tickets,More tickets
Elektronik,electronics
Audio & Hifi,Audio & HiFi
CD Player,CD player
Lautsprecher & Kopfhörer,Speakers & Headphones
MP3 Player,MP3 players
Radio & Receiver,Radio & Receiver
Stereoanlagen,Stereo systems
Weiteres Audio & Hifi,Other Audio & HiFi
Dienstleistungen Elektronik,Electronics Services
Foto,photo
Kamera,camera
Objektiv,lens
Zubehör,Accesories
Kamera & Zubehör,Camera & Accessories
Weiteres Foto,Another photo
Handy & Telefon,Mobile & Telephone
Apple,Apple
Google,Google
HTC,HTC
Huawei,Huawei
LG,LG
Motorola,Motorola
Nokia,Nokia
Samsung,Samsung
Siemens,Siemens
Sony,Sony
Xiaomi,Xiaomi
Faxgeräte,Fax machines
Telefone,Telephones
Weitere Handys & Telefone,More mobile phones & telephones
Haushaltsgeräte,household appliances
Haushaltskleingeräte,Small household appliances
Herde & Backöfen,Stoves & Ovens
Kaffee- & Espressomaschinen,Coffee & espresso machines
Kühlschränke & Gefriergeräte,Refrigerators & Freezers
Spülmaschinen,Dishwashers
Staubsauger,Vacuum cleaner
Waschmaschinen & Trockner,Washing machines & dryers
Weitere Haushaltsgeräte,Other household appliances
Konsolen,Consoles
Pocket Konsolen,Pocket Consoles
PlayStation,PlayStation
Xbox,Xbox
Wii,Wii
Weitere Konsolen,Other consoles
Notebooks,Notebooks
PCs,PCs
PC-Zubehör & Software,PC accessories & software
Drucker & Scanner,Printers & Scanners
Festplatten & Laufwerke,Hard drives & drives
Gehäuse,Housing
Grafikkarten,Graphics cards
Kabel & Adapter,Cables & Adapters
Mainboards,Motherboards
Monitore,Monitors
Multimedia,multimedia
Netzwerk & Modem,Network & Modem
Prozessoren / CPUs,Processors / CPUs
Speicher,memory
Software,software
Tastatur & Maus,Keyboard & Mouse
Weiteres PC-Zubehör,Other PC accessories
Tablets & Reader,Tablets & Reader
iPad,iPad
Kindle,Kindle
Samsung Tablets,Samsung tablets
Weitere Tablets & Reader,More Tablets & Readers
TV & Video,TV & Video
DVD-Player & Recorder,DVD players & recorders
Fernseher,TV
TV-Receiver,TV receiver
Weitere TV & Video,More TV & Video
Videospiele,video games
DS(i)- & PSP Spiele,DS(i) & PSP games
Nintendo Spiele,Nintendo games
PlayStation Spiele,PlayStation games
Xbox Spiele,Xbox games
Wii Spiele,Wii games
PC Spiele,PC games
Weitere Videospiele,More video games
Weitere Elektronik,Other electronics
Familie, Kind & Baby,"Family, Child & Baby"
Altenpflege,Elderly care
Baby- & Kinderkleidung,Baby & children's clothing
Hosen & Jeans,Pants & Jeans
Kleider & Röcke,Dresses & Skirts
Shirts & Tops,Shirts & Tops
Hemden,Shirts
Jacken & Mäntel,Jackets & Coats
Pullover & Strickjacken,Sweaters & cardigans
Wäsche,wash
Sportbekleidung,Sportswear
Bademode,Swimwear
Accessoires,accessories
Kleidungspakete,Clothing packages
Weitere Baby- & Kinderkleidung,More baby & children's clothing
Baby- & Kinderschuhe,Baby & children's shoes
Ballerinas,ballerinas
Halb- & Schnürschuhe,Low & lace-up shoes
Hausschuhe,slippers
Sandalen,Sandals
Outdoor & Wanderschuhe,Outdoor & hiking shoes
Sneaker & Sportschuhe,Sneakers & sports shoes
Stiefel & Stiefeletten,Boots & ankle boots
Badeschuhe,Bathing shoes
Weitere Schuhe,More shoes
Baby-Ausstattung,Baby equipment
Babyschalen & Kindersitze,Baby carriers & child seats
Babysitter/-in & Kinderbetreuung,Babysitter & Childcare
Kinderwagen & Buggys,Strollers & Buggies
Kinderzimmermöbel,Children's room furniture
Betten & Wiegen,Beds & Cradles
Hochstühle & Laufställe,High chairs & playpens
Schränke & Kommoden,Cabinets & chests of drawers
Wickeltische & Zubehör,Changing tables & accessories
Wippen & Schaukeln,Seesaws & swings
Weitere Kinderzimmermöbel,More children's room furniture
Spielzeug,toy
Action- & Spielfiguren,Action & toy figures
Babyspielzeug,Baby toys
Barbie & Co,Barbie & Co
Dreirad & Co,Tricycle & Co
Gesellschaftsspiele,Board games
Holzspielzeug,wooden toys
LEGO & Duplo,LEGO & Duplo
Lernspielzeug,educational toys
Playmobil,Playmobil
Puppen,dolls
Spielzeugautos,toy cars
Spielzeug für draußen,Outdoor toys
Stofftiere,stuffed animals
Weiteres Spielzeug,Other toys
Weiteres Familie, Kind & Baby,"More Family, Child & Baby"
Freizeit, Hobby & Nachbarschaft,"Leisure, hobbies & neighborhood"
Esoterik & Spirituelles,Esotericism & Spirituality
Essen & Trinken,Food & Drink
Freizeitaktivitäten,Leisure activities
Handarbeit, Basteln & Kunsthandwerk,"Handicrafts, crafts & arts and crafts"
Kunst & Antiquitäten,Art & Antiques
Künstler/-in & Musiker/-in,Artist & Musician
Modellbau,Model making
Reise & Eventservices,Travel & Event Services
Sammeln,Collect
Ansichts- & Postkarten,View & postcards
Autogramme,Autographs
Bierkrüge & -gläser,Beer mugs & glasses
Briefmarken,stamps
Comics,comics
Flaggen,Flags
Münzen,Coins
Porzellan,china
Puppen & Puppenzubehör,Dolls & Doll Accessories
Sammelbilder & Sticker,Trading cards & stickers
Sammelkartenspiele,Trading card games
Überraschungseier,Surprise eggs
Werbeartikel,Promotional items
Weiteres Sammeln,Further collecting
Sport & Camping,Sports & Camping
Ballsport,ball sports
Camping & Outdoor,Camping & Outdoor
Fitness,fitness
Radsport,Cycling
Tanzen & Laufen,Dancing & Running
Wassersport,Water sports
Wintersport,Winter sports
Weiteres Sport & Camping,More Sports & Camping
Trödel,junk
Verloren & Gefunden,Lost & Found
Weiteres Freizeit, Hobby & Nachbarschaft,"More Leisure, Hobbies & Neighborhood"
Haus & Garten,Home & Garden
Badezimmer,bathroom
Büro,Office
Dekoration,decoration
Bilder & Poster,Pictures & Posters
Kerzen & Kerzenhalter,Candles & candle holders
Spiegel,Mirror
Vasen,Vases
Weitere Dekoration,Further decoration
Dienstleistungen Haus & Garten,Home & Garden Services
Bau & Handwerk,Construction & Crafts
Garten- & Landschaftsbau,Gardening & Landscaping
Haushaltshilfe,Domestic help
Reinigungsservice,cleaning service
Reparaturen,Repairs
Wohnungsauflösungen,Apartment clearances
Weitere Dienstleistungen Haus & Garten,Other services Home & Garden
Gartenzubehör & Pflanzen,Garden accessories & plants
Blumentöpfe,flower pots
Dekoration,decoration
Gartengeräte,Garden tools
Gartenmöbel,garden furniture
Pflanzen,Plant
Weiteres Gartenzubehör & Pflanzen,Other garden accessories & plants
Heimtextilien,Home textiles
Heimwerken,DIY
Küche & Esszimmer,Kitchen & Dining Room
Besteck,Cutlery
Geschirr,Dishes
Gläser,glasses
Kleingeräte,Small appliances
Küchenschränke,kitchen cabinets
Stühle,Chairs
Tische,Tables
Weiteres Küche & Esszimmer,More Kitchen & Dining Room
Lampen & Licht,Lamps & Lights
Schlafzimmer,bedroom
Betten,Beds
Lattenroste,Slatted frames
Matratzen,mattresses
Nachttische,Bedside tables
Schränke,Cabinets
Weiteres Schlafzimmer,Additional bedroom
Wohnzimmer,Living room
Regale,shelves
Schränke & Schrankwände,Cabinets & wall units
Sitzmöbel,seating furniture
Sofas & Sitzgarnituren,Sofas & seating sets
Tische,Tables
TV & Phonomöbel,TV & Phono Furniture
Weiteres Wohnzimmer,Additional living room
Weiteres Haus & Garten,More Home & Garden
Haustiere,Pets
Fische,fish
Aquariumfische,Aquarium fish
Barsche,Perch
Diskusfische,Discus fish
Garnelen & Krebse,Shrimp & Crabs
Koi,Koi
Schnecken,snails
Wasserpflanzen,Aquatic plants
Welse,Catfish
Weitere Fische,Other fish
Hunde,dogs
Mischlinge,Mixed breeds
Beagle,beagle
Bernhardiner,St. Bernard
Border Collie,Border Collie
Boxer,boxer
Cocker Spaniel,Cocker Spaniel
Collie,collie
Dackel,dachshund
Dalmatiner,Dalmatian
Dobermann,Doberman
Dogge,Great Dane
Golden Retriever,Golden Retriever
Husky,Husky
Jack Russell Terrier,Jack Russell Terrier
Labrador,Labrador
Malteser,Maltese
Pudel,poodle
Schäferhunde,German Shepherds
Spitz,Pointed
Terrier,terrier
Weitere Hunde,More dogs
Katzen,cats
Britisch Kurzhaar,British Shorthair
Hauskatze,domestic cat
Maine Coon,Maine Coon
Siam,Siam
Weitere Katzen,More cats
Kleintiere,Small animals
Hamster,hamster
Hasen & Kaninchen,Hares & Rabbits
Mäuse & Ratten,Mice & Rats
Meerschweinchen,guinea pigs
Weitere Kleintiere,Other small animals
Nutztiere,farm animals
Pferde,horses
Großpferde,Large horses
Kleinpferde & Ponys,Small horses & ponies
Tierbetreuung & Training,Animal care & training
Vermisste Tiere,Missing animals
Entlaufen,Escaped
Gefunden,Found
Vögel,birds
Zubehör,Accesories
Fische,fish
Hunde,dogs
Katzen,cats
Kleintiere,Small animals
Pferde,horses
Boxen & Weideplätze,Boxes & pastures
Reitbekleidung,Riding clothing
Reitbeteiligung,Riding share
Reitdecken,Riding blankets
Reitsattel,Riding saddle
Reitunterricht,Riding lessons
Weiteres Zubehör Pferde,Other accessories for horses
Reptilien,Reptiles
Vögel,birds
Weiteres Zubehör Haustiere,Other accessories for pets
Immobilien,property
Auf Zeit & WG,Temporary & shared accommodation
Gesamte Unterkunft,Entire accommodation
Privatzimmer,Private rooms
Gemeinsames Zimmer,Shared room
Container,container
Kaufen,Buy
Mieten,Rent
Eigentumswohnungen,Condominiums
Ferien- & Auslandsimmobilien,Holiday & foreign properties
Kaufen,Buy
Mieten,Rent
Garagen & Stellplätze,Garages & parking spaces
Kaufen,Buy
Mieten,Rent
Gewerbeimmobilien,Commercial real estate
Kaufen,Buy
Mieten,Rent
Grundstücke & Gärten,Plots & Gardens
Baugrundstück,building plot
Garten,Garden
Land-/Forstwirtschaft,Agriculture/Forestry
Weitere Grundstücke & Gärten,Other properties & gardens
Häuser zum Kauf,Houses for sale
Häuser zur Miete,Houses for rent
Mietwohnungen,rental apartments
Neubauprojekte,New construction projects
Umzug & Transport,Moving & Transport
Weitere Immobilien,More properties
Jobs,Jobs
Ausbildung,Training
Bau, Handwerk & Produktion,"Construction, Crafts & Production"
Bauhelfer/-in,Construction worker
Dachdecker/-in,roofer
Elektriker/-in,Electrician
Fliesenleger/-in,tiler
Maler/-in,Painter
Maurer/-in,bricklayer
Produktionshelfer/-in,Production assistant
Schlosser/-in,Locksmith
Tischler/-in,Carpenter
Weitere Berufe,Other professions
Büroarbeit & Verwaltung,Office work & administration
Buchhalter/-in,Accountant
Bürokaufmann/-frau,Office clerk
Sachbearbeiter/-in,Clerk
Sekretär/-in,Secretary
Weitere Berufe,Other professions
Gastronomie & Tourismus,Gastronomy & Tourism
Barkeeper/-in,Bartender
Hotelfachmann/-frau,Hotel specialist
Kellner/-in,Waitress
Koch/Köchin,cook
Küchenhilfe,Kitchen help
Servicekraft,Service staff
Housekeeping,Housekeeping
Weitere Berufe,Other professions
Kundenservice & Call Center,Customer Service & Call Center
Mini- & Nebenjobs,Mini & part-time jobs
Praktika,Internships
Sozialer Sektor & Pflege,Social Sector & Care
Altenpfleger/-in,geriatric nurse
Arzthelfer/-in,Medical assistant
Erzieher/-in,Educator
Krankenpfleger/-in,Nurse
Physiotherapeut/-in,Physiotherapist
Weitere Berufe,Other professions
Transport, Logistik & Verkehr,"Transport, Logistics & Traffic"
Kraftfahrer/-in,driver
Kurierfahrer/-in,Courier driver
Lagerhelfer/-in,warehouse assistant
Staplerfahrer/-in,Forklift driver
Weitere Berufe,Other professions
Vertrieb, Einkauf & Verkauf,"Sales, Purchasing & Sales"
Buchhalter/-in,Accountant
Immobilienmakler/-in,Real estate agent
Kaufmann/-frau,Businessman/woman
Verkäufer/-in,Saleswoman
Weitere Berufe,Other professions
Weitere Jobs,More jobs
Designer/-in & Grafiker/-in,Designer & Graphic Artist
Friseur/-in,hairdresser
Haushaltshilfe,Domestic help
Hausmeister/-in,caretaker
Reinigungskraft,cleaning staff
Weitere Berufe,Other professions
Mode & Beauty,Fashion & Beauty
Beauty & Gesundheit,Beauty & Health
Make-Up & Gesichtspflege,Make-up & facial care
Haarpflege,Hair care
Körperpflege,Body care
Hand- & Nagelpflege,Hand & nail care
Gesundheit,Health
Weiteres Beauty & Gesundheit,More Beauty & Health
Damenbekleidung,Women's clothing
Anzüge,Suits
Bademode,Swimwear
Hemden & Blusen,Shirts & Blouses
Hochzeitsmode,Wedding fashion
Hosen,Pants
Jacken & Mäntel,Jackets & Coats
Jeans,jeans
Kostüme & Verkleidungen,Costumes & Disguises
Pullover,sweater
Röcke & Kleider,Skirts & Dresses
Shirts & Tops,Shirts & Tops
Shorts,shorts
Sportbekleidung,Sportswear
Umstandsmode,Maternity wear
Weitere Damenbekleidung,More women's clothing
Damenschuhe,Women's shoes
Ballerinas,ballerinas
Halb- & Schnürschuhe,Low & lace-up shoes
Hausschuhe,slippers
Outdoor & Wanderschuhe,Outdoor & hiking shoes
Pumps & High Heels,Pumps & High Heels
Sandalen,Sandals
Sneaker & Sportschuhe,Sneakers & sports shoes
Stiefel & Stiefeletten,Boots & ankle boots
Weitere Schuhe,More shoes
Herrenbekleidung,Men's clothing
Anzüge,Suits
Bademode,Swimwear
Hemden,Shirts
Hochzeitsmode,Wedding fashion
Hosen,Pants
Jacken & Mäntel,Jackets & Coats
Jeans,jeans
Kostüme & Verkleidungen,Costumes & Disguises
Pullover,sweater
Shirts,Shirts
Shorts,shorts
Sportbekleidung,Sportswear
Weitere Herrenbekleidung,More men's clothing
Herrenschuhe,Men's shoes
Halb- & Schnürschuhe,Low & lace-up shoes
Hausschuhe,slippers
Sandalen,Sandals
Sneaker & Sportschuhe,Sneakers & sports shoes
Stiefel & Stiefeletten,Boots & ankle boots
Outdoor & Wanderschuhe,Outdoor & hiking shoes
Weitere Schuhe,More shoes
Taschen & Accessoires,Bags & Accessories
Mützen, Schals & Handschuhe,"Hats, scarves & gloves"
Sonnenbrillen,Sunglasses
Taschen & Rucksäcke,Bags & Backpacks
Weitere Taschen & Accessoires,More Bags & Accessories
Uhren & Schmuck,Watches & Jewelry
Schmuck,Jewelry
Uhren,Watches
Weiteres Mode & Beauty,More Fashion & Beauty
Musik, Filme & Bücher,"Music, Films & Books"
Bücher & Zeitschriften,Books & Magazines
Antiquarische Bücher,Antiquarian books
Kinderbücher,Children's books
Krimis & Thriller,Crime & Thriller
Kunst & Kultur,Art & Culture
Sachbücher,Non-fiction books
Science Fiction,Science Fiction
Unterhaltungsliteratur,Fiction
Zeitgenössische Literatur & Klassiker,Contemporary Literature & Classics
Zeitschriften,Magazines
Weitere Bücher & Zeitschriften,More books & magazines
Büro & Schreibwaren,Office & Stationery
Comics,comics
Fachbücher, Schule & Studium,"Technical books, school & study"
Film & DVD,Film & DVD
Musik & CDs,Music & CDs
Musikinstrumente,musical instruments
Weitere Musik, Filme & Bücher,"More music, films & books"
Nachbarschaftshilfe,Neighborhood help
Nachbarschaftshilfe,Neighborhood help
Unterricht & Kurse,Lessons & Courses
Beauty & Gesundheit,Beauty & Health
Computerkurse,Computer courses
Esoterik & Spirituelles,Esotericism & Spirituality
Kochen & Backen,Cooking & Baking
Kunst & Gestaltung,Art & Design
Musik & Gesang,Music & Singing
Nachhilfe,Tutoring
Sportkurse,Sports courses
Sprachkurse,Language courses
Tanzkurse,Dance classes
Weiterbildung,Continuing education
Weitere Unterricht & Kurse,Further lessons & courses
Verschenken & Tauschen,Give away & swap
Tauschen,To exchange
Verleihen,Lending
Verschenken,Give away
